<?xml version="1.0" encoding="UTF-8"?>
<mule xmlns="http://www.mulesoft.org/schema/mule/core" xmlns:apikit="http://www.mulesoft.org/schema/mule/apikit" xmlns:doc="http://www.mulesoft.org/schema/mule/documentation" xmlns:http="http://www.mulesoft.org/schema/mule/http" xmlns:json="http://www.mulesoft.org/schema/mule/json" xmlns:spring="http://www.springframework.org/schema/beans" xmlns:tracking="http://www.mulesoft.org/schema/mule/ee/tracking" xmlns:xsi="http://www.w3.org/2001/XMLSchema-instance" xsi:schemaLocation="http://www.mulesoft.org/schema/mule/core http://www.mulesoft.org/schema/mule/core/current/mule.xsd
http://www.mulesoft.org/schema/mule/http http://www.mulesoft.org/schema/mule/http/current/mule-http.xsd
http://www.mulesoft.org/schema/mule/apikit http://www.mulesoft.org/schema/mule/apikit/current/mule-apikit.xsd
http://www.springframework.org/schema/beans http://www.springframework.org/schema/beans/spring-beans-3.1.xsd
http://www.mulesoft.org/schema/mule/ee/tracking http://www.mulesoft.org/schema/mule/ee/tracking/current/mule-tracking-ee.xsd
http://www.mulesoft.org/schema/mule/json http://www.mulesoft.org/schema/mule/json/current/mule-json.xsd">
    <http:listener-config name="api-httpListenerConfig" host="0.0.0.0" port="8081" doc:name="HTTP Listener Configuration" />
    <apikit:config name="api-config" raml="api.raml" consoleEnabled="false" doc:name="Router" />
    <flow name="api-main">
        <http:listener config-ref="api-httpListenerConfig" path="/api/*" allowedMethods="post" doc:name="HTTP" />
        <logger message="#[message.inboundProperties.'http.remote.address']" level="INFO" doc:name="Logger" />
        <apikit:router config-ref="api-config" doc:name="APIkit Router" />
        <exception-strategy ref="api-apiKitGlobalExceptionMapping" doc:name="Reference Exception Strategy" />
    </flow>
    <flow name="api-console">
        <http:listener config-ref="api-httpListenerConfig" path="/console/*" doc:name="HTTP" />
        <apikit:console config-ref="api-config" doc:name="APIkit Console" />
    </flow>
    <flow name="post:/orderRequest:application/json:api-config">
        <flow-ref name="sima-order-request" doc:name="sima-order-request" />
    </flow>
    <flow name="post:/inboundMerchandise:application/json:api-config">
        <flow-ref name="mas-inbound-merchandise" doc:name="mas-inbound-merchandise" />
    </flow>
    <flow name="post:/serviceEntry:application/json:api-config">
        <flow-ref name="sima-service-entryFlow" doc:name="sima-service-entryFlow" />
    </flow>
    <flow name="post:/purchaseOrder:api-config">
        <flow-ref name="sima-purchase-orderFlow" doc:name="sima-purchase-orderFlow" />
    </flow>
    <flow name="post:/getStock:api-config">
        <flow-ref name="mas-stockFlow" doc:name="mas-stockFlow" />
    </flow>
    <flow name="post:/outboundMerch:api-config">
        <flow-ref name="mas-outbound-merchandiseFlow" doc:name="mas-outbound-merchandiseFlow" />
    </flow>
    <flow name="post:/getAsset:api-config">
        <flow-ref name="mas-assetsFlow" doc:name="mas-assetsFlow" />
    </flow>
    <flow name="post:/reserveMaterial:application/json:api-config">
        <flow-ref name="mas-material-reserverFlow" doc:name="mas-material-reserverFlow" />
    </flow>
    <flow name="post:/getfuelEdenred:api-config">
        <flow-ref name="mas-edenredFlow" doc:name="mas-edenredFlow"/>

    </flow>
    <apikit:mapping-exception-strategy name="api-apiKitGlobalExceptionMapping">
        <apikit:mapping statusCode="404">
            <apikit:exception value="org.mule.module.apikit.exception.NotFoundException" />
            <set-property propertyName="Content-Type" value="application/json" doc:name="Property" />
            <set-payload value="{ &quot;message&quot;: &quot;Resource not found&quot; }" doc:name="Set Payload" />
        </apikit:mapping>
        <apikit:mapping statusCode="405">
            <apikit:exception value="org.mule.module.apikit.exception.MethodNotAllowedException" />
            <set-property propertyName="Content-Type" value="application/json" doc:name="Property" />
            <set-payload value="{ &quot;message&quot;: &quot;Method not allowed&quot; }" doc:name="Set Payload" />
        </apikit:mapping>
        <apikit:mapping statusCode="415">
            <apikit:exception value="org.mule.module.apikit.exception.UnsupportedMediaTypeException" />
            <set-property propertyName="Content-Type" value="application/json" doc:name="Property" />
            <set-payload value="{ &quot;message&quot;: &quot;Unsupported media type&quot; }" doc:name="Set Payload" />
        </apikit:mapping>
        <apikit:mapping statusCode="406">
            <apikit:exception value="org.mule.module.apikit.exception.NotAcceptableException" />
            <set-property propertyName="Content-Type" value="application/json" doc:name="Property" />
            <set-payload value="{ &quot;message&quot;: &quot;Not acceptable&quot; }" doc:name="Set Payload" />
        </apikit:mapping>
        <apikit:mapping statusCode="400">
            <apikit:exception value="org.mule.module.apikit.exception.BadRequestException" />
            <set-property propertyName="Content-Type" value="application/json" doc:name="Property" />
            <set-payload value="{ &quot;message&quot;: &quot;Bad request&quot; }" doc:name="Set Payload" />
        </apikit:mapping>
    </apikit:mapping-exception-strategy>
</mule>
