<?xml version="1.0" encoding="UTF-8"?>

<mule xmlns:file="http://www.mulesoft.org/schema/mule/file" xmlns:mulerequester="http://www.mulesoft.org/schema/mule/mulerequester" xmlns:scripting="http://www.mulesoft.org/schema/mule/scripting"
	xmlns:quartz="http://www.mulesoft.org/schema/mule/quartz" xmlns:tracking="http://www.mulesoft.org/schema/mule/ee/tracking" xmlns:dw="http://www.mulesoft.org/schema/mule/ee/dw" xmlns:sftp="http://www.mulesoft.org/schema/mule/sftp" xmlns:metadata="http://www.mulesoft.org/schema/mule/metadata" xmlns:ftp="http://www.mulesoft.org/schema/mule/ee/ftp" xmlns:sfdc="http://www.mulesoft.org/schema/mule/sfdc" xmlns="http://www.mulesoft.org/schema/mule/core" xmlns:doc="http://www.mulesoft.org/schema/mule/documentation"
	xmlns:spring="http://www.springframework.org/schema/beans" 
	xmlns:xsi="http://www.w3.org/2001/XMLSchema-instance"
	xsi:schemaLocation="http://www.mulesoft.org/schema/mule/scripting http://www.mulesoft.org/schema/mule/scripting/current/mule-scripting.xsd
http://www.springframework.org/schema/beans http://www.springframework.org/schema/beans/spring-beans-current.xsd
http://www.mulesoft.org/schema/mule/core http://www.mulesoft.org/schema/mule/core/current/mule.xsd
http://www.mulesoft.org/schema/mule/ee/ftp http://www.mulesoft.org/schema/mule/ee/ftp/current/mule-ftp-ee.xsd
http://www.mulesoft.org/schema/mule/sftp http://www.mulesoft.org/schema/mule/sftp/current/mule-sftp.xsd
http://www.mulesoft.org/schema/mule/sfdc http://www.mulesoft.org/schema/mule/sfdc/current/mule-sfdc.xsd
http://www.mulesoft.org/schema/mule/ee/dw http://www.mulesoft.org/schema/mule/ee/dw/current/dw.xsd
http://www.mulesoft.org/schema/mule/ee/tracking http://www.mulesoft.org/schema/mule/ee/tracking/current/mule-tracking-ee.xsd
http://www.mulesoft.org/schema/mule/quartz http://www.mulesoft.org/schema/mule/quartz/current/mule-quartz.xsd
http://www.mulesoft.org/schema/mule/mulerequester http://www.mulesoft.org/schema/mule/mulerequester/current/mule-mulerequester.xsd
http://www.mulesoft.org/schema/mule/file http://www.mulesoft.org/schema/mule/file/current/mule-file.xsd">
    <file:connector name="File" autoDelete="false" streaming="true" validateConnections="true" doc:name="File"/>
    <flow name="mas-edenredFlow"  >
        <sftp:inbound-endpoint connector-ref="SFTP" host="${sftp.host}" port="${sftp.port}" path="${sftp.path}" user="${sftp.user}" password="${sftp.password}" responseTimeout="10000" doc:name="SFTP"/>
        <set-payload value="#[payload.fileName]" doc:name="Set Payload"/>
        <logger message="#[payload]" level="INFO" doc:name="Logger"/>
        
        	<choice-exception-strategy doc:name="Choice Exception Strategy">
		<catch-exception-strategy
			when="#[exception.causedBy(java.net.ConnectException)]" doc:name="Connect Exception Strategy">
			<logger level="ERROR" message="Connect Exception: #[exception.message]."
				doc:name="Logger" />
		</catch-exception-strategy>
		<catch-exception-strategy
			when="#[exception.causedBy(java.io.IOException)]" doc:name="IO Exception Strategy">
			<logger level="ERROR" message="IO Exception: #[exception.message]."
				doc:name="Logger" />
		</catch-exception-strategy>
	</choice-exception-strategy>
    </flow>

</mule>
