<?xml version="1.0" encoding="UTF-8"?>

<mule xmlns:tracking="http://www.mulesoft.org/schema/mule/ee/tracking" xmlns="http://www.mulesoft.org/schema/mule/core" xmlns:doc="http://www.mulesoft.org/schema/mule/documentation"
	xmlns:spring="http://www.springframework.org/schema/beans" 
	xmlns:xsi="http://www.w3.org/2001/XMLSchema-instance"
	xsi:schemaLocation="http://www.springframework.org/schema/beans http://www.springframework.org/schema/beans/spring-beans-current.xsd
http://www.mulesoft.org/schema/mule/core http://www.mulesoft.org/schema/mule/core/current/mule.xsd
http://www.mulesoft.org/schema/mule/ee/tracking http://www.mulesoft.org/schema/mule/ee/tracking/current/mule-tracking-ee.xsd">
    <flow name="mas-jobs-getPurchaseOrder">
        <logger level="INFO" doc:name="Logger"/>
    </flow>
    <flow name="mas-jobs-getStock" initialState="stopped">
        <poll doc:name="Poll">
            <fixed-frequency-scheduler frequency="1" timeUnit="HOURS"/>
            <logger message="['Inicia Inventario']" level="INFO" doc:name="Logger"/>
        </poll>
        <flow-ref name="mas-stockFlow" doc:name="mas-stockFlow"/>
        <logger message="#['Finaliza Inventario']" level="INFO" doc:name="Logger"/>
    </flow>
    <flow name="mas-jobs-getAssets">
        <logger level="INFO" doc:name="Logger"/>
    </flow>
    <flow name="mas-jobs-getOutboundMerch">
        <logger level="INFO" doc:name="Logger"/>
    </flow>
</mule>
