<?xml version="1.0" encoding="UTF-8"?>

<mule xmlns:tracking="http://www.mulesoft.org/schema/mule/ee/tracking" xmlns:metadata="http://www.mulesoft.org/schema/mule/metadata" xmlns:sap="http://www.mulesoft.org/schema/mule/sap" xmlns:file="http://www.mulesoft.org/schema/mule/file" xmlns:dw="http://www.mulesoft.org/schema/mule/ee/dw" xmlns:sfdc="http://www.mulesoft.org/schema/mule/sfdc" xmlns="http://www.mulesoft.org/schema/mule/core" xmlns:doc="http://www.mulesoft.org/schema/mule/documentation"
	xmlns:spring="http://www.springframework.org/schema/beans" 
	xmlns:xsi="http://www.w3.org/2001/XMLSchema-instance"
	xsi:schemaLocation="http://www.springframework.org/schema/beans http://www.springframework.org/schema/beans/spring-beans-current.xsd
http://www.mulesoft.org/schema/mule/core http://www.mulesoft.org/schema/mule/core/current/mule.xsd
http://www.mulesoft.org/schema/mule/sfdc http://www.mulesoft.org/schema/mule/sfdc/current/mule-sfdc.xsd
http://www.mulesoft.org/schema/mule/file http://www.mulesoft.org/schema/mule/file/current/mule-file.xsd
http://www.mulesoft.org/schema/mule/ee/dw http://www.mulesoft.org/schema/mule/ee/dw/current/dw.xsd
http://www.mulesoft.org/schema/mule/sap http://www.mulesoft.org/schema/mule/sap/current/mule-sap.xsd
http://www.mulesoft.org/schema/mule/ee/tracking http://www.mulesoft.org/schema/mule/ee/tracking/current/mule-tracking-ee.xsd">
    <flow name="mas-stockFlow" processingStrategy="synchronous">
        <enricher target="#[flowVars.idSync]" doc:name="Message Enricher">
            <flow-ref name="mas-stock-StartSync" doc:name="mas-stock-StartSync"/>
        </enricher>
        <dw:transform-message doc:name="Transform Message">
            <dw:set-payload><![CDATA[%dw 1.0
%output application/xml
---
{
	ZPAIMF_CONSULSTOCKINVENT: {
		export: {
			ET_STOCK_SF: {
				row: {
					MATNR: null,
					MAKTX: null,
					WERKS: null,
					LGORT: null,
					MEINS: null,
					LABST: null,
					BDMNG: null
				}
			}
		}
	}
}]]></dw:set-payload>
        </dw:transform-message>
        <sap:outbound-endpoint exchange-pattern="request-response" connector-ref="SAP" type="function" functionName="ZPAIMF_CONSULSTOCKINVENT" outputXml="true" responseTimeout="10000" doc:name="ZPAIMF_CONSULSTOCKINVENT"/>
        <sap:object-to-xml doc:name="SAP Object to XML"/>
        <dw:transform-message doc:name="Transform Message" metadata:id="b34a169d-ae35-4956-b712-7000e6db79fb">
            <dw:input-payload mimeType="application/xml"/>
            <dw:set-payload><![CDATA[%dw 1.0
%output application/java
---
payload.ZPAIMF_CONSULSTOCKINVENT.export.ET_STOCK_SF.*row map ((row , indexOfRow) -> {
	Name: row.MAKTX,
	// aib__Description__c: row.MAKTX,
	aib__External_ID__c: row.LGORT ++ "-" ++ row.WERKS ++ "-" ++ (row.MATNR as :number),
	aib__Agency_External_ID__c: row.WERKS,
	aib__Cost__c: row.VERPR,
	aib__On_Hand_Qty__c: row.LABST as :number default 0,
	//aib__Reserved_Qty__c: row.BDMNG as :number default 0,
	aib__Status__c: "Active",
	aib__Warehouse_External_ID__c: row.LGORT,
	aib__um__c: row.MEINS,
	aib__upc__c: row.MATNR
})]]></dw:set-payload>
        </dw:transform-message>
        <foreach batchSize="200" doc:name="For Each">
            <sfdc:upsert config-ref="Salesforce_Authentication" externalIdFieldName="aib__External_ID__c" type="aib__Part__c" doc:name="Salesforce">
                <sfdc:objects ref="#[payload]"/>
            </sfdc:upsert>
            <logger level="INFO" doc:name="Logger" message="#[flowVars.counter]"/>
        </foreach>
        <set-payload value="#[flowVars.idSync]" doc:name="Set Payload"/>
        <flow-ref name="mas-stock-EndSync" doc:name="mas-stock-EndSync"/>
        <set-payload value="#[{}]" doc:name="Set Payload"/>
        <catch-exception-strategy doc:name="Catch Exception Strategy">
            <set-payload value="#[flowVars.idSync]" doc:name="Set Payload"/>
            <dw:transform-message doc:name="Transform Message">
                <dw:set-payload><![CDATA[%dw 1.0
%output application/java
---
{
	Id: payload,
	aib__status__c: "ERROR",
	aib__synced_at__c: now
}]]></dw:set-payload>
            </dw:transform-message>
            <sfdc:update config-ref="Salesforce_Authentication" type="aib__Part_Sync__c" doc:name="Salesforce">
                <sfdc:objects ref="#[payload]"/>
            </sfdc:update>
            <logger message="#[payload]" level="INFO" doc:name="Logger"/>
        </catch-exception-strategy>

    </flow>
    <flow name="mas-stock-StartSync">
        <dw:transform-message doc:name="Transform Message">
            <dw:set-payload><![CDATA[%dw 1.0
%output application/java
---
{
	aib__started_at__c: now
}]]></dw:set-payload>
        </dw:transform-message>
        <sfdc:create-single config-ref="Salesforce_Authentication" type="aib__Part_Sync__c" doc:name="Salesforce"/>
        <set-payload value="#[payload.id]" doc:name="Set Payload"/>
    </flow>
    <flow name="mas-stock-EndSync">
        <dw:transform-message doc:name="Transform Message" metadata:id="46c1a135-f0da-4cd9-9573-e0122a2bc6f0">
            <dw:set-payload><![CDATA[%dw 1.0
%output application/java
---
{
	Id: payload,
	aib__status__c: "OK",
	aib__synced_at__c: now
}]]></dw:set-payload>
        </dw:transform-message>
        <sfdc:update-single config-ref="Salesforce_Authentication" type="aib__Part_Sync__c" doc:name="Salesforce"/>
        <logger level="INFO" doc:name="Logger"/>
    </flow>
</mule>
